cluster1...1,b1_1,b1_2,b2_2,b2_4,b2_5,b2_7,b2_8,engagedfintech,engagedmarket,broker,s6r1,s2ar1,s2ar2,s2ar3,cluster1...16,n,pct,cluster1...19,lr,usebroker,sizeover1b
1,5.823529411764706,4.196078431372549,5.0588235294117645,4.254901960784314,4.352941176470588,5.019607843137255,3.5098039215686274,0.35294117647058826,0.5294117647058824,0.17647058823529413,4.294117647058823,1.2352941176470589,1.2352941176470589,2.0980392156862746,1,51,21.338912133891213,1,53.30555555555556,50.705882352941174,0.2549019607843137
2,2.517857142857143,2.2857142857142856,3.232142857142857,3.267857142857143,4.303571428571429,3.0714285714285716,2.5,0.4107142857142857,0.5535714285714286,0.25,4.285714285714286,1.1785714285714286,1.3392857142857142,2.107142857142857,2,56,23.430962343096233,2,54.13513513513514,44.21212121212121,0.35714285714285715
3,3.76,3.56,3.62,3.84,4.8,4.32,6.76,0.2,0.1,0.16,4.42,1.16,1.28,2.14,3,50,20.920502092050206,3,60.878787878787875,41.629629629629626,0.42
4,6.161290322580645,4.935483870967742,4.903225806451613,7.129032258064516,7.354838709677419,5.580645161290323,6.645161290322581,0.2903225806451613,0.3870967741935484,0.22580645161290322,4.612903225806452,1.1935483870967742,1.2903225806451613,2.129032258064516,4,31,12.97071129707113,4,53.68421052631579,36.10526315789474,0.3870967741935484
5,2.803921568627451,2.549019607843137,7.470588235294118,2.784313725490196,3.3333333333333335,3.1372549019607843,2.6666666666666665,0.49019607843137253,0.49019607843137253,0.3333333333333333,4.509803921568627,1.1568627450980393,1.3137254901960784,1.9607843137254901,5,51,21.338912133891213,5,47.6578947368421,50.80769230769231,0.4117647058823529
